{
	"blocks": {
		"languageVersion": 0,
		"blocks": [
			{
				"type": "ha.be.Be.Start",
				"id": "ttDi6Y1piNqKi!GKH=;f",
				"x": 249,
				"y": 198,
				"inputs": {
					"width": {
						"shadow": {
							"type": "math_number",
							"id": "!n`U},x?W~b8S2S9fc;-",
							"fields": {
								"NUM": 320
							}
						}
					},
					"height": {
						"shadow": {
							"type": "math_number",
							"id": "(i=R@FswM^]Ps$?-8bzQ",
							"fields": {
								"NUM": 240
							}
						}
					},
					"statementst": {
						"block": {
							"type": "variables_set",
							"id": "?BBuRH-xfVFsVL#ivCx)",
							"fields": {
								"VAR": {
									"id": "99*3xs_.J9FLSB`sp](v"
								}
							},
							"inputs": {
								"VALUE": {
									"block": {
										"type": "ha.be.Spr.Muat",
										"id": "-Wwr3nwkx~$;z$;b1tzu",
										"inputs": {
											"url": {
												"shadow": {
													"type": "text",
													"id": "tjz/~)*VQIRK@:47=aoI",
													"fields": {
														"TEXT": "https://forkhub.github.io/blockly/imgs/box.png"
													}
												}
											}
										}
									}
								}
							},
							"next": {
								"block": {
									"type": "variables_set",
									"id": "IAe-YJG?A7D}r:aPDLqy",
									"fields": {
										"VAR": {
											"id": "^:Q}(:cn/r-QlV+H6xJI"
										}
									},
									"inputs": {
										"VALUE": {
											"block": {
												"type": "math_number",
												"id": "%tY-KGILw^YU_!zKEf(S",
												"fields": {
													"NUM": 0
												}
											}
										}
									}
								}
							}
						}
					}
				}
			},
			{
				"type": "ha.be.Be.Update",
				"id": "D!_p@;(TK|!Jb;q9U}?k",
				"x": 389,
				"y": 333,
				"inputs": {
					"statementst": {
						"block": {
							"type": "ha.be.Be.Bersih",
							"id": "(7d4VY9ISHI3=xQXw=c0",
							"next": {
								"block": {
									"type": "ha.be.Spr.Gambar",
									"id": "TKi]Pbe|YLS%b}yYe+1L",
									"inputs": {
										"sprite": {
											"block": {
												"type": "variables_get",
												"id": "Oxp^k?rAe(XG%z7DGmrI",
												"fields": {
													"VAR": {
														"id": "99*3xs_.J9FLSB`sp](v"
													}
												}
											}
										},
										"x": {
											"shadow": {
												"type": "math_number",
												"id": "iR^9X(~I02#.l.kt.[;:",
												"fields": {
													"NUM": 120
												}
											},
											"block": {
												"type": "variables_get",
												"id": "i!D!5_E5*:|.vj4R{0M7",
												"fields": {
													"VAR": {
														"id": "^:Q}(:cn/r-QlV+H6xJI"
													}
												}
											}
										},
										"y": {
											"shadow": {
												"type": "math_number",
												"id": "Sn*[t/Kt[]3J~cg5t9-K",
												"fields": {
													"NUM": 100
												}
											}
										}
									}
								}
							}
						}
					}
				}
			}
		]
	},
	"variables": [
		{
			"name": "image",
			"id": "99*3xs_.J9FLSB`sp](v"
		},
		{
			"name": "posisi x",
			"id": "^:Q}(:cn/r-QlV+H6xJI"
		}
	]
}