{"blocks":{"languageVersion":0,"blocks":[{"type":"procedures_defnoreturn","id":"e*|qAJ;cIY`?hH7LxUKs","x":567,"y":-31,"icons":{"comment":{"text":"Describe this function...","pinned":false,"height":80,"width":160}},"fields":{"NAME":"log"},"inputs":{"STACK":{"block":{"type":"note","id":"?a!g{IRdN6A{)+oHJ|uX","inputs":{"comment":{"shadow":{"type":"text","id":");=V*`i:EJf{g4l:4S;G","fields":{"TEXT":"setup background"}}}},"next":{"block":{"type":"ha.be.Be.Warna","id":"l_MofG#w!#9^0$TSKiDm","inputs":{"red":{"shadow":{"type":"math_number","id":"-C:1LU`D;]zr5wD[u3?C","fields":{"NUM":0}}},"green":{"shadow":{"type":"math_number","id":"M[/aX(/*rqM[D]~UFAOy","fields":{"NUM":0}}},"blue":{"shadow":{"type":"math_number","id":"w~@fqjk6ARqUl^e=0C_:","fields":{"NUM":0}}},"alpha":{"shadow":{"type":"math_number","id":"/HDM%#]};69cTC;(.W^{","fields":{"NUM":50}}}},"next":{"block":{"type":"ha.be.Be.Kotak_opt","id":"#wAEV95wG.$^4wvPmuDB","inputs":{"x1":{"shadow":{"type":"math_number","id":"yS[EjycAHG6/0PAsmSGe","fields":{"NUM":0}}},"y1":{"shadow":{"type":"math_number","id":"f5!^.WTHEJ;L=+@.QCP*","fields":{"NUM":0}}},"x2":{"shadow":{"type":"math_number","id":"-r]LacHs^^;i=w20tN-m","fields":{"NUM":320}}},"y2":{"shadow":{"type":"math_number","id":"#bUnD7zttYogYk#B$7UX","fields":{"NUM":50}}},"fill":{"shadow":{"type":"logic_boolean","id":"9#)bdMaZ[p$SKDy7@6k/","fields":{"BOOL":"TRUE"}}},"stroke":{"shadow":{"type":"logic_boolean","id":"F$JYu)V(k~Nn5TP7b7!0","fields":{"BOOL":"FALSE"}}}},"next":{"block":{"type":"ha.be.Teks.Goto","id":"jR0S?3rY;~FK!WnzYyL%","inputs":{"x":{"shadow":{"type":"math_number","id":"ShE7{rp*kX+})Bv~*c%x","fields":{"NUM":0}}},"y":{"shadow":{"type":"math_number","id":"u5I.Pt/bwy#L]Oi@Gam@","fields":{"NUM":10}}}},"next":{"block":{"type":"ha.be.Be.Warna","id":"I{9a5ni:P~Tinm@5Fb71","inputs":{"red":{"shadow":{"type":"math_number","id":"rc{qz}S8Ib^D_0o-b@-;","fields":{"NUM":255}}},"green":{"shadow":{"type":"math_number","id":";Y0MBshR+^u7uLE{=+*t","fields":{"NUM":255}}},"blue":{"shadow":{"type":"math_number","id":"Jd#_MLF1.:26~XvwdYU1","fields":{"NUM":255}}},"alpha":{"shadow":{"type":"math_number","id":"~Ai.zz@k9jUL].XXX:jW","fields":{"NUM":100}}}},"next":{"block":{"type":"note","id":"Y|0T(@i~W2k6J@w:g16[","inputs":{"comment":{"shadow":{"type":"text","id":"BpPOw*N}7e#KBOa0=gYE","fields":{"TEXT":"write info"}}}},"next":{"block":{"type":"ha.be.Teks.WriteLn","id":"Mu!_O%:,;gA0WZM0xsra","inputs":{"text":{"shadow":{"type":"text","id":"7+{;a2LDEW|kUg}@(cvj","fields":{"TEXT":""}},"block":{"type":"text_join","id":"{$-A~ZJm]3e;amGqpzeX","extraState":{"itemCount":2},"inputs":{"ADD0":{"block":{"type":"text","id":"wi,XavFz4AVm!6;C3Tzk","fields":{"TEXT":"Image position:  "}}},"ADD1":{"block":{"type":"ha.be.Spr.PosisiX","id":"Kr{^6brCzXN2pR~wUn$q","inputs":{"sprite":{"block":{"type":"variables_get","id":"UvGBv0ddnx,phy*[~+XV","fields":{"VAR":{"id":"99*3xs_.J9FLSB`sp](v"}}}}}}}}}}},"next":{"block":{"type":"ha.be.Teks.WriteLn","id":"{Q1.vKMd}IK8kMpc=,Gw","inputs":{"text":{"shadow":{"type":"text","id":"zh1u(9X@[]{aC70`T3TG","fields":{"TEXT":""}},"block":{"type":"text_join","id":"T^yr-MmZA=(OgaF3?9~Z","extraState":{"itemCount":2},"inputs":{"ADD0":{"block":{"type":"text","id":"Usj:Co_AH~aw#Xgy}#cb","fields":{"TEXT":"Input x: "}}},"ADD1":{"block":{"type":"ha.be.Input.InputX","id":"h`)2=a4xg,@)QQCRQHL:"}}}}}},"next":{"block":{"type":"ha.be.Teks.WriteLn","id":"a?5+[2^l{8H%_]_Ig3Hx","inputs":{"text":{"shadow":{"type":"text","id":"zh1u(9X@[]{aC70`T3TG","fields":{"TEXT":""}},"block":{"type":"text_join","id":"-Csj`S|[7qqCsLO{qV)?","extraState":{"itemCount":2},"inputs":{"ADD0":{"block":{"type":"text","id":"NEn3aM?k7a3ei5EiH)xf","fields":{"TEXT":"door posisiton x: "}}},"ADD1":{"block":{"type":"variables_get","id":"8?~-`CLQ7lDhEY.jPoI3","fields":{"VAR":{"id":"rKBH0|M!;T`;7x+M!e=2"}}}}}}}}}}}}}}}}}}}}}}}}}}}},{"type":"procedures_defnoreturn","id":"XF,`*F?sx(7(mGU=^@oo","x":355,"y":560,"icons":{"comment":{"text":"Algorithm to find position of doors.\nImages may be dragged far away to the left or to the right.","pinned":false,"height":80,"width":160}},"fields":{"NAME":"update door position"},"inputs":{"STACK":{"block":{"type":"variables_set","id":"LoHpfd9Qy;]NH!=KG@b;","fields":{"VAR":{"id":"rKBH0|M!;T`;7x+M!e=2"}},"inputs":{"VALUE":{"block":{"type":"math_arithmetic","id":"NNBK2=R=q6vMeARyzokb","fields":{"OP":"ADD"},"inputs":{"A":{"block":{"type":"ha.be.Spr.PosisiX","id":"4Hpc*`_K38QE}-/v%D%%","inputs":{"sprite":{"block":{"type":"variables_get","id":"[S*N%7`Q1xc8(0+(k7Z]","fields":{"VAR":{"id":"99*3xs_.J9FLSB`sp](v"}}}}}}},"B":{"block":{"type":"variables_get","id":"@KM8Fj42QMsrs~tEkb2g","fields":{"VAR":{"id":"p#n7?s2VQR2)QUZ|##/f"}}}}}}}},"next":{"block":{"type":"note","id":"2r8=MrsE:,/OK|):,vyu","inputs":{"comment":{"shadow":{"type":"text","id":"imI)h5^G#Ao2j#k$xTN(","fields":{"TEXT":"if the position is on the left of screen"}}}},"next":{"block":{"type":"controls_whileUntil","id":".1Zv5Kf!i1.aqNBajt*d","fields":{"MODE":"WHILE"},"inputs":{"BOOL":{"block":{"type":"logic_compare","id":"$1nU=VIUE:M-1kr:S?Z]","fields":{"OP":"LT"},"inputs":{"A":{"block":{"type":"variables_get","id":"tpHyA.T}0*q=}Ab2WNjP","fields":{"VAR":{"id":"rKBH0|M!;T`;7x+M!e=2"}}}},"B":{"block":{"type":"math_number","id":"aW3_JX-UY`}7=[nhD@nl","fields":{"NUM":0}}}}}},"DO":{"block":{"type":"variables_set","id":"i}2[J9@Z_ZNmjdcYEH-J","fields":{"VAR":{"id":"rKBH0|M!;T`;7x+M!e=2"}},"inputs":{"VALUE":{"block":{"type":"math_arithmetic","id":"3280V7=(God;0g$t5$$c","fields":{"OP":"ADD"},"inputs":{"A":{"block":{"type":"variables_get","id":"V?YC8+xf2V5@JBZuduqX","fields":{"VAR":{"id":"rKBH0|M!;T`;7x+M!e=2"}}}},"B":{"block":{"type":"ha.be.Spr.Panjang","id":"n.5+XIr~!LQ(_y^WKz`5","inputs":{"sprite":{"block":{"type":"variables_get","id":"XZ1$7Uiq5nq$elqc0E6j","fields":{"VAR":{"id":"99*3xs_.J9FLSB`sp](v"}}}}}}}}}}}}}},"next":{"block":{"type":"note","id":"!:E2Eppy3vQ~GvNhT{30","inputs":{"comment":{"shadow":{"type":"text","id":"%zNluI!eaAtN^Y/Bx+*d","fields":{"TEXT":"if the position is on the right of screen"}}}},"next":{"block":{"type":"controls_whileUntil","id":"#+.sDTA.I.yM:RYxU**s","fields":{"MODE":"WHILE"},"inputs":{"BOOL":{"block":{"type":"logic_compare","id":"b~4El~Wf4vDMblb)qiy,","fields":{"OP":"GT"},"inputs":{"A":{"block":{"type":"variables_get","id":"T1nr}zM1HBL,Qx0Eq%yC","fields":{"VAR":{"id":"rKBH0|M!;T`;7x+M!e=2"}}}},"B":{"block":{"type":"math_number","id":"o_tu9X@WBFOqg^5bDj5E","fields":{"NUM":320}}}}}},"DO":{"block":{"type":"variables_set","id":"wn/wzC((MIcb/fI*S%Bp","fields":{"VAR":{"id":"rKBH0|M!;T`;7x+M!e=2"}},"inputs":{"VALUE":{"block":{"type":"math_arithmetic","id":"c.TL^$FH2UKe@OOExg=,","fields":{"OP":"MINUS"},"inputs":{"A":{"block":{"type":"variables_get","id":")~p_}vrz4puAFfu=U*VO","fields":{"VAR":{"id":"rKBH0|M!;T`;7x+M!e=2"}}}},"B":{"block":{"type":"ha.be.Spr.Panjang","id":"_NNnOETIO597P]D=rPdu","inputs":{"sprite":{"block":{"type":"variables_get","id":"f%B*7+F34sE=R4@p}WVZ","fields":{"VAR":{"id":"99*3xs_.J9FLSB`sp](v"}}}}}}}}}}}}}},"next":{"block":{"type":"note","id":"5=A05MeJ*qE?@DJ25Mpd","inputs":{"comment":{"shadow":{"type":"text","id":"OaKk-om4pnXU5K,DI(ub","fields":{"TEXT":"update hand image position"}}}},"next":{"block":{"type":"ha.be.Spr.Posisi","id":"I/+.c`X=ok]EycAF?Rt~","inputs":{"sprite":{"block":{"type":"variables_get","id":"~ywQrQ1wA~P,QtU*=p|}","fields":{"VAR":{"id":"5xPtFk@$L9dp}J|4P2Vs"}}}},"x":{"shadow":{"type":"math_number","id":"kpZ8)yq}6YTM4*ORT2B*","fields":{"NUM":0}},"block":{"type":"variables_get","id":"%q_,-Y?#]xPfc(/=,`5{","fields":{"VAR":{"id":"rKBH0|M!;T`;7x+M!e=2"}}}},"y":{"shadow":{"type":"math_number","id":"4ZzNc?upR?A{DHJp$oqp","fields":{"NUM":120}}}}}}}}}}}}}}}}}}}},{"type":"ha.be.Be.Start","id":"ItLZl|MrUjYs``Q]@^9e","x":0,"y":0,"inputs":{"width":{"shadow":{"type":"math_number","id":"|%~NQaJA5+F=HVktyeh.","fields":{"NUM":320}}},"height":{"shadow":{"type":"math_number","id":"te%}?/DKj%*iP8uyL_mc","fields":{"NUM":240}}},"statementst":{"block":{"type":"variables_set","id":",_:0b}A|+ujU~d!,m^fY","fields":{"VAR":{"id":"5xPtFk@$L9dp}J|4P2Vs"}},"inputs":{"VALUE":{"block":{"type":"ha.be.Spr.Muat","id":"q5ta7)f4]@7FmxJt_3]S","inputs":{"url":{"shadow":{"type":"text","id":"s,Fdyw#801ifHJnPAP%e","fields":{"TEXT":"./imgs/hand.png"}}}}}}},"next":{"block":{"type":"ha.be.Spr.Handle","id":"Z5?=+D@7M7mMHNY+cA,g","inputs":{"sprite":{"block":{"type":"variables_get","id":"*b9vl/X4GwMEYnz-9{oS","fields":{"VAR":{"id":"5xPtFk@$L9dp}J|4P2Vs"}}}},"x":{"shadow":{"type":"math_number","id":"v~mk%8nuSG#Ww~LV=MFm","fields":{"NUM":16}}},"y":{"shadow":{"type":"math_number","id":"XJYd8Z3TnMcMQY4_ZTX*","fields":{"NUM":16}}}},"next":{"block":{"type":"variables_set","id":"?BBuRH-xfVFsVL#ivCx)","fields":{"VAR":{"id":"99*3xs_.J9FLSB`sp](v"}},"inputs":{"VALUE":{"block":{"type":"ha.be.Spr.Muat","id":"-Wwr3nwkx~$;z$;b1tzu","inputs":{"url":{"shadow":{"type":"text","id":"tjz/~)*VQIRK@:47=aoI","fields":{"TEXT":"./imgs/masjid.jpg"}}}}}}},"next":{"block":{"type":"ha.be.Spr.DragMode","id":"C#Gp($i@C#-v|%QIzyI3","inputs":{"sprite":{"block":{"type":"variables_get","id":"p?$3Jo7GvB*YyvHBcY=y","fields":{"VAR":{"id":"99*3xs_.J9FLSB`sp](v"}}}},"dragMode":{"shadow":{"type":"math_number","id":"nZ6Qblg_^5A@xYA|th+7","fields":{"NUM":3}}}},"next":{"block":{"type":"variables_set","id":"I[M?Lu)`+eHz?kRjxOtc","fields":{"VAR":{"id":"p#n7?s2VQR2)QUZ|##/f"}},"inputs":{"VALUE":{"block":{"type":"math_number","id":"#1i0@][:6/y7Mm%vsv)r","fields":{"NUM":1200}}}},"next":{"block":{"type":"variables_set","id":"UPRT3XZ)R[WU?%!}0M#r","fields":{"VAR":{"id":"rKBH0|M!;T`;7x+M!e=2"}},"inputs":{"VALUE":{"block":{"type":"math_number","id":"#GJov#1rp8pCohb9{v.W","fields":{"NUM":-1000}}}}}}}}}}}}}}}}}},{"type":"ha.be.Be.Update","id":"}O[_T,GogTNe%ok=vE/^","x":-18,"y":291,"inputs":{"statementst":{"block":{"type":"controls_if","id":"8T..@)$43iB8lT-j$AvR","inputs":{"IF0":{"block":{"type":"ha.be.Spr.StatusMuat","id":"%9INu5Frq.+mK2`bf}}T"}},"DO0":{"block":{"type":"procedures_callnoreturn","id":"B_8l~RIiqD#IE366K930","extraState":{"name":"update door position"},"next":{"block":{"type":"ha.be.Be.Bersih","id":"(7d4VY9ISHI3=xQXw=c0","next":{"block":{"type":"ha.be.Spr.Ubin","id":"5=rhF0|B(~0#T71UJr;2","inline":false,"inputs":{"sprite":{"block":{"type":"variables_get","id":"01V2on##LigG~5V:^wX)","fields":{"VAR":{"id":"99*3xs_.J9FLSB`sp](v"}}}},"x":{"shadow":{"type":"math_number","id":"LuI!![saa}/6iFs;NB=]","fields":{"NUM":0}},"block":{"type":"ha.be.Spr.PosisiX","id":"z!u*{u/LQ|RO:p$i:)1H","inputs":{"sprite":{"block":{"type":"variables_get","id":"JG+0$grgLHABEMw|9Gtz","fields":{"VAR":{"id":"99*3xs_.J9FLSB`sp](v"}}}}}}},"y":{"shadow":{"type":"math_number","id":"d/Dbm}13j1g2;r2$S-dT","fields":{"NUM":0}}},"frame":{"shadow":{"type":"math_number","id":":c@8t]ujv0eaU$c4q4/x","fields":{"NUM":0}}}},"next":{"block":{"type":"ha.be.Spr.Gambar_no_frame","id":"LJSZfBn,%-Vx0$P8WQ?I","inputs":{"sprite":{"block":{"type":"variables_get","id":"gy5zI4L9F0:=Bo.rons+","fields":{"VAR":{"id":"5xPtFk@$L9dp}J|4P2Vs"}}}}},"next":{"block":{"type":"procedures_callnoreturn","id":"(2S.~ORHgKf7hS=XkFL,","extraState":{"name":"log"}}}}}}}}}}}}}}}}]},"variables":[{"name":"back img","id":"99*3xs_.J9FLSB`sp](v"},{"name":"door x","id":"p#n7?s2VQR2)QUZ|##/f"},{"name":"door screen x","id":"rKBH0|M!;T`;7x+M!e=2"},{"name":"hand img","id":"5xPtFk@$L9dp}J|4P2Vs"}]}