{"blocks":{"languageVersion":0,"blocks":[{"type":"ha.be.Be.Start","id":"ttDi6Y1piNqKi!GKH=;f","x":249,"y":198,"inputs":{"width":{"shadow":{"type":"math_number","id":"!n`U},x?W~b8S2S9fc;-","fields":{"NUM":320}}},"height":{"shadow":{"type":"math_number","id":"(i=R@FswM^]Ps$?-8bzQ","fields":{"NUM":240}}},"statementst":{"block":{"type":"variables_set","id":"?BBuRH-xfVFsVL#ivCx)","fields":{"VAR":{"id":"99*3xs_.J9FLSB`sp](v"}},"inputs":{"VALUE":{"block":{"type":"ha.be.Spr.Muat","id":"-Wwr3nwkx~$;z$;b1tzu","inputs":{"url":{"shadow":{"type":"text","id":"tjz/~)*VQIRK@:47=aoI","fields":{"TEXT":"./imgs/box.png"}}}}}}},"next":{"block":{"type":"variables_set","id":"QD,+HWz|*o*xsg/cD=+:","fields":{"VAR":{"id":"T^}_q*lNZ0dU-Di7EePO"}},"inputs":{"VALUE":{"block":{"type":"math_number","id":")ED.E]}.vwl}ly;}b!vw","fields":{"NUM":0}}}}}}}}}},{"type":"ha.be.Be.Update","id":"D!_p@;(TK|!Jb;q9U}?k","x":554,"y":441,"inputs":{"statementst":{"block":{"type":"math_change","id":"kUDre(yv;elrP+k00VZu","fields":{"VAR":{"id":"T^}_q*lNZ0dU-Di7EePO"}},"inputs":{"DELTA":{"shadow":{"type":"math_number","id":"2Opie7J88~FRkOdQCrDX","fields":{"NUM":1}}}},"next":{"block":{"type":"ha.be.Be.Bersih","id":"(7d4VY9ISHI3=xQXw=c0","next":{"block":{"type":"ha.be.Spr.Gambar","id":"TKi]Pbe|YLS%b}yYe+1L","inputs":{"sprite":{"block":{"type":"variables_get","id":"Oxp^k?rAe(XG%z7DGmrI","fields":{"VAR":{"id":"99*3xs_.J9FLSB`sp](v"}}}},"x":{"shadow":{"type":"math_number","id":"iR^9X(~I02#.l.kt.[;:","fields":{"NUM":120}}},"y":{"shadow":{"type":"math_number","id":"Sn*[t/Kt[]3J~cg5t9-K","fields":{"NUM":100}}}}}}}}}}}}]},"variables":[{"name":"image","id":"99*3xs_.J9FLSB`sp](v"},{"name":"posisi x","id":"T^}_q*lNZ0dU-Di7EePO"}]}