{"blocks":{"languageVersion":0,"blocks":[{"type":"ha.be.Be.Start","id":"CeKBW6fg!X@`Bj^k7Khp","x":211,"y":116,"inputs":{"width":{"shadow":{"type":"math_number","id":"_UH4g0|*DJytG,8%l#[M","fields":{"NUM":320}}},"height":{"shadow":{"type":"math_number","id":"qfmU;B,k+gUxW+lLaZ~k","fields":{"NUM":240}}},"statementst":{"block":{"type":"variables_set","id":"?BBuRH-xfVFsVL#ivCx)","fields":{"VAR":{"id":"99*3xs_.J9FLSB`sp](v"}},"inputs":{"VALUE":{"block":{"type":"ha.be.Spr.Muat","id":"-Wwr3nwkx~$;z$;b1tzu","inputs":{"url":{"shadow":{"type":"text","id":"tjz/~)*VQIRK@:47=aoI","fields":{"TEXT":"https://forkhub.github.io/blockly/imgs/box.png"}}}}}}},"next":{"block":{"type":"ha.be.Spr.Ukuran","id":"+k6u69-LXd($_8$%Yx7/","inputs":{"sprite":{"block":{"type":"variables_get","id":"V;RB5KH(T,@MAN8WhaE-","fields":{"VAR":{"id":"99*3xs_.J9FLSB`sp](v"}}}},"width":{"shadow":{"type":"math_number","id":"RVSBj-wpt{MQni(6_;N#","fields":{"NUM":64}}},"height":{"shadow":{"type":"math_number","id":"DO*jv5h|Gy:Q;`ZMNhMs","fields":{"NUM":32}}}},"next":{"block":{"type":"ha.be.Spr.Rotasi","id":"y)b^DP1M-wNbNL1,dM^1","inputs":{"sprite":{"block":{"type":"variables_get","id":"^Hm$G-1`e5l;dADm%Rj~","fields":{"VAR":{"id":"99*3xs_.J9FLSB`sp](v"}}}},"angle":{"shadow":{"type":"math_number","id":".hN^caY)(w+srUNQ3=:i","fields":{"NUM":45}}}}}}}}}}}},{"type":"ha.be.Be.Update","id":"lW@YKeA*-{Jgl%3KnsUA","x":314,"y":351,"inputs":{"statementst":{"block":{"type":"ha.be.Be.Bersih","id":"(7d4VY9ISHI3=xQXw=c0","next":{"block":{"type":"ha.be.Spr.Gambar","id":"TKi]Pbe|YLS%b}yYe+1L","inputs":{"sprite":{"block":{"type":"variables_get","id":"Oxp^k?rAe(XG%z7DGmrI","fields":{"VAR":{"id":"99*3xs_.J9FLSB`sp](v"}}}},"x":{"shadow":{"type":"math_number","id":"iR^9X(~I02#.l.kt.[;:","fields":{"NUM":120}}},"y":{"shadow":{"type":"math_number","id":"Sn*[t/Kt[]3J~cg5t9-K","fields":{"NUM":100}}}}}}}}}}]},"variables":[{"name":"image","id":"99*3xs_.J9FLSB`sp](v"}]}